Question,Answer,Tags
What was the revolutionary development in music during the Baroque era?,"The birth of opera in Florence, initiated by the Camerata, combining music, drama, and staging.","Baroque Era, Opera, History"
Who composed the first masterpiece of opera and what was its title?,"Monteverdi composed 'L'Orfeo' in 1607, considered the first masterpiece of opera.","Baroque Era, Opera, Monteverdi"
What is functional harmony and how was it established during the Baroque era?,"Functional harmony refers to the relationship between chords creating movement and resolution, codified in the practice of basso continuo which provided a bass line with chord symbols.","Baroque Era, Harmony, Music Theory"
Which composer is known for reaching the apex of counterpoint during the Baroque era?,"J.S. Bach is known for his mastery of counterpoint, exemplified in works such as 'The Well-Tempered Clavier' and 'The Art of Fugue.'","Baroque Era, Counterpoint, J.S. Bach"
What legacy did the Baroque era leave behind for future music?,"The Baroque era's system of functional harmony, emotional expression, and musical forms like sonata, concerto, and opera laid the groundwork for Classical and Romantic music.","Baroque Era, Legacy, Music History"
