Question,Answer,Tags
What are the primary characteristics of the Classical era in music?,"The Classical era emphasized clarity, elegance, and balanced form, moving away from the complex aesthetics of the Baroque period.","Classical Era, Music Characteristics"
What is sonata form and why was it significant in the Classical era?,"Sonata form, consisting of exposition, development, and recapitulation, was a major musical innovation that provided a structure for expressing ideas logically and dramatically, becoming the backbone of symphonies and other genres.","Sonata Form, Musical Innovation"
How did the symphony orchestra evolve during the Classical period?,"The modern symphony orchestra shaped under composers like Haydn, standardizing the string section, increasing the independence of wind instruments, and allowing for a greater dynamic range and tonal color.","Symphony Orchestra, Musical Development"
What role did Wolfgang Amadeus Mozart play in the Classical era?,"Mozart exemplified Classical style by synthesizing Baroque complexity with Classical clarity, greatly influencing operas and instrumental forms with remarkable depth and beauty.","Mozart, Classical Style"
What social changes influenced the Classical music period?,"The rise of public concerts, the growing middle class, and the decline of aristocratic patronage created new audiences for music and made the piano the preferred domestic instrument.","Social Context, Cultural Changes"
