Question,Answer,Tags
What significant transformation occurred in Western classical music during the Modern Era (1900-1945)?,"The Modern Era marked a radical transformation including the dissolution of traditional tonality, emergence of new organizational systems, and challenges to musical expression.","Modern Era, Western Classical Music, Transformation"
What was one of the significant developments in music during the Modern era represented by Arnold Schoenberg?,"Schoenberg developed the twelve-tone system, abandoning traditional tonality and treating all twelve chromatic notes as equal.","Schoenberg, Twelve-tone System, Tonality"
How did Igor Stravinsky's 'The Rite of Spring' (1913) influence rhythm in Western music?,"It introduced primitive rhythms and complex meter changes, leading to riots at its premiere and exploring new possibilities like irregular meters and polyrhythms.","Stravinsky, Rite of Spring, Rhythm"
"Which composers incorporated folk music into their works, and how did they do it?","Composers like Béla Bartók and Zoltán Kodály absorbed the modal scales, rhythmic patterns, and structures of folk music, rather than just quoting melodies.","Bartók, Kodály, Folk Music"
What impact did the World Wars have on composers during the Modern era?,"The World Wars forced many composers into exile, fostering cross-pollination of ideas and influencing the emotional content of their music.","World Wars, Musical Development, Exile"
