Question,Answer,Tags
What were the primary characteristics of the Romantic Era in music?,"The Romantic Era prioritized emotional expression, individualism, and nationalism over formal constraints of the Classical period.","Romantic Era, Music, Emotional Expression"
What was the significance of Beethoven's Ninth Symphony in the Romantic period?,Beethoven's Ninth Symphony set new standards for symphonic composition with its unprecedented scale and inclusion of vocal soloists and a chorus.,"Beethoven, Symphony, Romantic Era"
How did nationalism manifest in Romantic music?,"Nationalism in music involved the emergence of national schools of composition, where composers incorporated folk melodies and themes reflective of their cultural identities.","Nationalism, Romanticism, Music"
What was Richard Wagner's concept of Gesamtkunstwerk?,"Gesamtkunstwerk, or total artwork, is Wagner's concept of combining music, drama, poetry, and visual arts, revolutionizing opera and influencing other musical forms.","Wagner, Opera, Music Drama"
What led to the rise of the virtuoso performer in the Romantic era?,"The Romantic era celebrated individual achievement, leading to virtuoso performers like Liszt, Chopin, and Paganini who pushed the boundaries of technical difficulty in their compositions.","Virtuoso, Romantic Era, Performers"
